﻿"首次喊出""师夷长技以制夷""思想主张的是（）",单选,B, 曾国藩, 魏源, 林则徐, 冯桂芬
在近代中国，实现国家富强和人民富裕的前提是（）,单选,C, 振兴实业, 政体变革, 争得民族独立和人民解放, 改革教育制度
晚清时期赔款最多的条约是（）,单选,C, 《天津条约》, 《南京条约》, 《辛丑条约》, 《马关条约》
领导虎门销烟的民族英雄是（）,单选,A, 林则徐, 魏源, 王韬, 孙中山
中国近代史上，割占我国领土最多的帝国主义国家是（）。,单选,D, 法国, 英国, 美国, 沙俄
"中国近代史上，外国列强在我国设立的，不受我国管辖的特殊区域，被称为""国中之国""的是（）。",单选,C, 势力范围, 半殖民地, 租界, 殖民地
太平天国后期，干王洪仁玕撰写的一部带有独立发展资本主义色彩的文献是（）,单选,A, 资政新篇, 天朝田亩制度, 中国土地法大纲, 五四指示
《天朝田亩制度》是以解决（）为中心的比较完整的社会改革方案。,单选,C, 人口问题, 贫富差距问题, 土地问题, 社会不公平问题
1860年，太平天国忠王李秀成率军在上海附近英勇反击洋枪队和英法侵略者，缴获洋枪两千多条， 大炮十多门，船几百条，洋枪队头子美国流氓华尔身中五枪，太平军获得（）,单选,B, 湖口大捷, 青浦大捷, 三河镇大捷, 大沽口大捷
北京大学的前身是（）,单选,B, 北洋水师学堂, 京师大学堂, 福州船政学堂, 南洋水师学堂
太平天国的最高领导人是（）,单选,A, 洪秀全, 韦昌辉, 冯云山, 杨秀清
1903年，年仅18岁的邹容在下列哪本著作中阐述了在中国进行民主革命的正义性和必要性？ （）,单选,D, 《猛回头》, 《警世钟》, 《游学新编》, 《革命军》
中国同盟会的政纲是（）。,单选,B, 驱逐胡虏，恢复中华，立纲陈纪，救济斯民, 驱除鞑虏，恢复中华，创立民国，平均地权, 驱除鞑虏，恢复中华，创立合众政府, 革命满清
辛亥革命前夕发生了（）的辩论。,单选,C, 抵抗派与投降派, 洋务派与顽固派, 革命派与改良派, 维新派与守旧派
1923年2月，发生了（），中国掀起了第一个工人运动的高潮，后来遭到北洋军阀吴佩孚的血腥镇压，工人领袖林祥谦等牺牲。,单选,C, 五卅运动, 省港大罢工, 京汉铁路工人大罢工, 汉阳兵工厂罢工
中华民国首任总统是（）,单选,B, 袁世凯, 孙中山, 黎元洪, 蒋介石
1912年3月，孙中山领导下的中华民国临时参议院颁布了（）,单选,D, 《中华民国宪法》, 《土地法大纲》, 《五权宪法》, 《中华民国临时约法》
1912年，中华民国临时政府成立，孙中山在（）宣誓就职。,单选,C, 北京, 武昌, 南京, 广州
"耍弄两面派勾当，窃取辛亥革命果实，被时人成为""窃国大盗""的是（）",单选,D, 黎元洪, 张勋, 段祺瑞, 袁世凯
中国共产党第二次全国代表大会第一次明确提出了（）,单选,B, 实现共产主义的最高纲领, 反帝反封建的民主革命纲领, 新民主主义革命的总路线, 土地革命的总路线
大革命时期，在共产国际支持下，国共两党合作创办的著名军校是（）,单选,B, 云南讲武堂, 黄埔军校,桂林军校, 南京军校
第一次国共合作的政治基础和国民革命统一战线的共同纲领是（）,单选,B, 三民主义, 新三民主义, 社会主义, 共产主义
1927年，蒋介石在上海发动了屠杀工人和共产党员的（）,单选,D," ""七·一五""反革命政变", 马日事变, 皖南事变," ""四·一二""反革命政变"
以蒋介石为代表的南京国民政府的性质是（）,单选,C, 资产阶级政权, 小资产阶级政权, 大地主大资产阶级政权, 封建君主专制
"下列对美国在华""飞虎队""的评价，正确的是（）",单选,C, 飞虎队没有参加抗日, 飞虎队对中国只有贡献，没有危害, 飞虎队是国民党重金聘请的雇佣军，对抗战有一定贡献，但也给我国人民带来沉重负担，抗战结束后帮助国民党运兵打内战，使我国人民蒙上内战阴云, 飞虎队不是国民党重金聘请的
1946年底，北大女生沈崇被美军士兵污辱，国民党法庭无权审理，美军法庭后来将罪犯无罪释放，引发广大爱国学生的（）,单选,D, 一二一运动, 一二九运动, 五二零运动, 抗议美军暴行运动
1946年，因国民党特务残忍暗杀中国民主同盟的负责人李公朴、闻一多两位进步知识分子，制造了（）。,单选,C, 下关惨案, 一二·一惨案, 李闻惨案, 新河惨案
（）是我国抗战胜利的决定性力量。,单选,C, 苏联, 美国, 中国军民, 英国
百团大战的指挥者是（）,单选,C, 聂荣臻, 徐向前, 彭德怀, 邓小平
"1937年12月的""南京大屠杀"",被日军残酷迫害致死的中国平民和被俘士兵多达（）万人以上。",单选,D, 15, 20, 25, 30
1936年12月12日，杨虎城、张学良劝谏蒋介石停止内战未果，发生了扣留蒋介石及其随从的（）。,单选,C, 两广事变, 一二八事变, 西安事变, 九一八事变
1932年一二八事变中，（）在蒋光鼐、蔡廷锴率领下，奋起抗击侵略上海的日军，迫使日军三易主帅。,单选,B, 十八路军, 十九路军, 二十路军, 十七路军
抗日战争时期，1941年1月，国民党派重兵在安徽泾县云岭地区围堵新四军，扣留军长叶挺，残害新四军7000余人，污辱新四军女战士，一手制造了震惊中外的（）。,单选,D, 晋西事变, 陇东事变, 平江惨案, 皖南事变
抗日战争进入相持阶段后，日本帝国主义对国民党采取的方针是（）,单选,B, 军事打击为主，政治诱降为辅, 政治诱降为主，军事打击为辅, 军事打击和政治诱降并重, 政治诱降取代军事进攻
1935年1月，长征中召开的（）终结了博古、李德错误的军事指挥，是中国共产党历史上一个生死攸关的转折点。,单选,C, 通道会议, 猴场会议, 遵义会议, 两河口会议
中国新民主主义革命武装斗争的实质是（）,单选,A, 无产阶级领导下的新式农民战争, 无产阶级领导下的工人罢工, 无产阶级领导下的学生运动, 无产阶级领导下的商人罢市
抗日战争期间，台儿庄大捷是广西人（）指挥的。,单选,C, 林彪, 蒋介石, 李宗仁, 白崇禧
在桂林的抗战纪念场馆是（）,单选,D,红军长征突破湘江纪念碑园,陈光烈士墓,八百壮士墓,八路军办事处
从近代中国自身原因而言，反侵略斗争多次失败的主要原因有（）,多选,AC, 社会制度的腐败, 外国侵略势力的强大, 经济技术的落后, 人民抵抗不力
大革命失败后，中国共产党在 1927 年发动的三大著名起义是（）,多选,ABC, 南昌起义, 秋收起义, 广州起义, 百色起义
戊戌维新运动的意义有（）,多选,ABCD, 爱国救亡运动, 资产阶级性质的政治改良运动, 思想启蒙运动, 改良社会风气
下列关于五四运动的说法，错误的是（）,多选,BD, 五四运动虽有个别缺点，但总体上是一场爱国运动, 五四运动中学生打了人、烧了房子，纯粹是一场非理性的暴力活动, 五四运动表现了反帝反封建的彻底性, 五四运动中的一些学生骨干到抗战时堕落为汉奸，所以五四运动不是爱国运动
中国共产党成立的意义有 （）。,多选,ACD, 中国革命有了坚强的领导核心, 意味着中国革命立即就胜利了, 中国革命有了科学的指导思想和社会理想, 深刻改变近代中国发展的方向
日军在1938年10月占领广州、武汉后，在抗战的相持阶段，实施的对华策略是（）,多选,AB, 以华治华, 以战养战, 速战速决, 闪电战
1924-1927年的国民大革命失败的教训有（）。,多选,BC, 必须对国民党退让, 必须坚持无产阶级对革命的领导权, 必须掌握革命的武装，以武装的革命反击武装的反革命, 必须让资产阶级掌握领导权
下列历史事件中，与广西直接相关的是（）。,多选,ABD, 太平天国运动, 中法战争, 八国联军侵华战争, 两广事变
辛亥革命失败的原因在于资产阶级革命派本身的软弱性和妥协性，犯了很多错误，主要有（）。,多选,ABC,没有提出彻底的反帝反封建的革命纲领,不能充分发动和依靠人民群众,不能建立坚强的革命政党,对人民进行了全面深入和有效的思想启蒙
"孙中山三民主义中的""民族主义""的内容包括（）。",多选,AB,驱除鞑虏,恢复中华,创立民国,平均地权
戊戌变法失败的原因有（）。,多选,ABCD,不敢否定封建主义,没有建立反封建统一战线，甚至对帝国主义抱有幻想,惧怕人民群众,把希望寄托在没有实权的皇帝身上
